﻿Designator,Footprint,Quantity,Value,LCSC Part #
"D1, D10, D11, D12, D13, D14, D15, D16, D17, D18, D2, D3, D4, D5, D6, D7, D8, D9",0603,18,LED,C965798
"J1, J2",PinHeader_1x09_P2.54mm_Vertical,2,Conn_01x09,
J3,PinHeader_1x02_P2.54mm_Vertical,1,Conn_01x02,
"Q1, Q10, Q11, Q12, Q13, Q14, Q15, Q16, Q17, Q18, Q2, Q3, Q4, Q5, Q6, Q7, Q8, Q9",SOT-23,18,Q_NMOS_GSD,C2874697
"R1, R19, R2, R20, R21, R22, R23, R24, R25, R26, R27, R3, R4, R5, R6, R7, R8, R9",0402,18,56,C25173
"R10, R11, R12, R13, R14, R15, R16, R17, R18, R28, R29, R30, R31, R32, R33, R34, R35, R36",0402,18,1k,C25543
